<?xml version="1.0" encoding="utf-8"?>
<!DOCTYPE hibernate-configuration SYSTEM 
"http://www.hibernate.org/dtd/hibernate-configuration-3.0.dtd">

<hibernate-configuration>
	<session-factory>
		<property name="dialect">
			org.hibernate.dialect.MySQLDialect
		</property>
		<property name="connection.driver_class">
			com.mysql.jdbc.Driver
		</property>
		<!-- Assume test is the database name -->
		<property name="connection.url">
			jdbc:mysql://localhost:3306/asg2
		</property>
		<property name="connection.username">
			root
		</property>
		<property name="connection.password">
			Boomkin007
		</property>
		<property name="connection.pool_size">1</property>
		<property name="cache.provider_class">org.hibernate.cache.NoCacheProvider</property>
		<property name="show_sql">true</property>
		<property name="hbm2ddl.auto">update</property>
		<mapping class="edu.umsl.ASG2.TeamScore"></mapping>
	</session-factory>
</hibernate-configuration>